Workbook

Sheet Лист1
A1: Дата | B1: Территория | C1: Товарооборот, шт | D1: Товарооборот, руб | E1: Количество складов | F1: Количество заказов | G1: Количество клиентов | H1: Товарооборот на склад | I1: Неделя
A2: 43982 | B2: Самара | C2: 7944 | D2: 623971.5 | E2: {=_xlfn.XLOOKUP($K2, 'Лист2'!$G$2:$G$505, 'Лист2'!$C$2:$C$505, "не найдено")} -> 15 | F2: {=_xlfn.XLOOKUP($K2, 'Лист2'!$G$2:$G$505, 'Лист2'!$E$2:$E$505, "не найдено")} -> 368 | G2: {=_xlfn.XLOOKUP($K2, 'Лист2'!$G$2:$G$505, 'Лист2'!$D$2:$D$505, "не найдено")} -> 441 | H2: =D2/E2 -> 41598.1 | I2: =WEEKNUM(A2,21) -> 22 | J2: =max(I2:I505) -> 23 | K2: =$A2 & "|" & $B2 -> 43982|Самара
A3: 43981 | B3: Самара | C3: 10029 | D3: 787101 | E3: {=_xlfn.XLOOKUP($K3, 'Лист2'!$G$2:$G$505, 'Лист2'!$C$2:$C$505, "не найдено")} -> 15 | F3: {=_xlfn.XLOOKUP($K3, 'Лист2'!$G$2:$G$505, 'Лист2'!$D$2:$D$505, "не найдено")} -> 490 | G3: {=_xlfn.XLOOKUP($K3, 'Лист2'!$G$2:$G$505, 'Лист2'!$D$2:$D$505, "не найдено")} -> 490 | H3: =D3/E3 -> 52473.4 | I3: =WEEKNUM(A3,21) -> 22 | K3: =$A3 & "|" & $B3 -> 43981|Самара
A4: 43979 | B4: Самара | C4: 8536.5 | D4: 643944 | E4: {=_xlfn.XLOOKUP($K4, 'Лист2'!$G$2:$G$505, 'Лист2'!$C$2:$C$505, "не найдено")} -> 15 | F4: {=_xlfn.XLOOKUP($K4, 'Лист2'!$G$2:$G$505, 'Лист2'!$D$2:$D$505, "не найдено")} -> 464 | G4: {=_xlfn.XLOOKUP($K4, 'Лист2'!$G$2:$G$505, 'Лист2'!$D$2:$D$505, "не найдено")} -> 464 | H4: =D4/E4 -> 42929.6 | I4: =WEEKNUM(A4,21) -> 22 | K4: =$A4 & "|" & $B4 -> 43979|Самара
A5: 43967 | B5: Кемерово | C5: 38947.5 | D5: 3395892 | E5: {=_xlfn.XLOOKUP($K5, 'Лист2'!$G$2:$G$505, 'Лист2'!$C$2:$C$505, "не найдено")} -> 21 | F5: {=_xlfn.XLOOKUP($K5, 'Лист2'!$G$2:$G$505, 'Лист2'!$D$2:$D$505, "не найдено")} -> 2145 | G5: {=_xlfn.XLOOKUP($K5, 'Лист2'!$G$2:$G$505, 'Лист2'!$D$2:$D$505, "не найдено")} -> 2145 | H5: =D5/E5 -> 161709.14 | I5: =WEEKNUM(A5,21) -> 20 | K5: =$A5 & "|" & $B5 -> 43967|Кемерово
A6: 43970 | B6: Кемерово | C6: 31842 | D6: 2771116.5 | E6: {=_xlfn.XLOOKUP($K6, 'Лист2'!$G$2:$G$505, 'Лист2'!$C$2:$C$505, "не найдено")} -> 21 | F6: {=_xlfn.XLOOKUP($K6, 'Лист2'!$G$2:$G$505, 'Лист2'!$D$2:$D$505, "не найдено")} -> 1860 | G6: {=_xlfn.XLOOKUP($K6, 'Лист2'!$G$2:$G$505, 'Лист2'!$D$2:$D$505, "не найдено")} -> 1860 | H6: =D6/E6 -> 131957.93 | I6: =WEEKNUM(A6,21) -> 21 | K6: =$A6 & "|" & $B6 -> 43970|Кемерово
A7: 43968 | B7: Кемерово | C7: 32023.5 | D7: 2882458.5 | E7: {=_xlfn.XLOOKUP($K7, 'Лист2'!$G$2:$G$505, 'Лист2'!$C$2:$C$505, "не найдено")} -> 21 | F7: {=_xlfn.XLOOKUP($K7, 'Лист2'!$G$2:$G$505, 'Лист2'!$D$2:$D$505, "не найдено")} -> 1874 | G7: {=_xlfn.XLOOKUP($K7, 'Лист2'!$G$2:$G$505, 'Лист2'!$D$2:$D$505, "не найдено")} -> 1874 | H7: =D7/E7 -> 137259.93 | I7: =WEEKNUM(A7,21) -> 20 | K7: =$A7 & "|" & $B7 -> 43968|Кемерово
A8: 43960 | B8: Кемерово | C8: 31147.5 | D8: 2831019 | E8: {=_xlfn.XLOOKUP($K8, 'Лист2'!$G$2:$G$505, 'Лист2'!$C$2:$C$505, "не найдено")} -> 21 | F8: {=_xlfn.XLOOKUP($K8, 'Лист2'!$G$2:$G$505, 'Лист2'!$D$2:$D$505, "не найдено")} -> 1735 | G8: {=_xlfn.XLOOKUP($K8, 'Лист2'!$G$2:$G$505, 'Лист2'!$D$2:$D$505, "не найдено")} -> 1735 | H8: =D8/E8 -> 134810.43 | I8: =WEEKNUM(A8,21) -> 19 | K8: =$A8 & "|" & $B8 -> 43960|Кемерово
A9: 43955 | B9: Кемерово | C9: 25566 | D9: 2372310 | E9: {=_xlfn.XLOOKUP($K9, 'Лист2'!$G$2:$G$505, 'Лист2'!$C$2:$C$505, "не найдено")} -> 20 | F9: {=_xlfn.XLOOKUP($K9, 'Лист2'!$G$2:$G$505, 'Лист2'!$D$2:$D$505, "не найдено")} -> 1519 | G9: {=_xlfn.XLOOKUP($K9, 'Лист2'!$G$2:$G$505, 'Лист2'!$D$2:$D$505, "не найдено")} -> 1519 | H9: =D9/E9 -> 118615.5 | I9: =WEEKNUM(A9,21) -> 19 | K9: =$A9 & "|" & $B9 -> 43955|Кемерово
A10: 43950 | B10: Кемерово | C10: 29319 | D10: 2623480.5 | E10: {=_xlfn.XLOOKUP($K10, 'Лист2'!$G$2:$G$505, 'Лист2'!$C$2:$C$505, "не найдено")} -> 18 | F10: {=_xlfn.XLOOKUP($K10, 'Лист2'!$G$2:$G$505, 'Лист2'!$D$2:$D$505, "не найдено")} -> 1684 | G10: {=_xlfn.XLOOKUP($K10, 'Лист2'!$G$2:$G$505, 'Лист2'!$D$2:$D$505, "не найдено")} -> 1684 | H10: =D10/E10 -> 145748.92 | I10: =WEEKNUM(A10,21) -> 18 | K10: =$A10 & "|" & $B10 -> 43950|Кемерово
A11: 43953 | B11: Кемерово | C11: 29031 | D11: 2711247 | E11: {=_xlfn.XLOOKUP($K11, 'Лист2'!$G$2:$G$505, 'Лист2'!$C$2:$C$505, "не найдено")} -> 18 | F11: {=_xlfn.XLOOKUP($K11, 'Лист2'!$G$2:$G$505, 'Лист2'!$D$2:$D$505, "не найдено")} -> 1708 | G11: {=_xlfn.XLOOKUP($K11, 'Лист2'!$G$2:$G$505, 'Лист2'!$D$2:$D$505, "не найдено")} -> 1708 | H11: =D11/E11 -> 150624.83 | I11: =WEEKNUM(A11,21) -> 18 | K11: =$A11 & "|" & $B11 -> 43953|Кемерово
A12: 43977 | B12: Кемерово | C12: 33423 | D12: 2970330 | E12: {=_xlfn.XLOOKUP($K12, 'Лист2'!$G$2:$G$505, 'Лист2'!$C$2:$C$505, "не найдено")} -> 20 | F12: {=_xlfn.XLOOKUP($K12, 'Лист2'!$G$2:$G$505, 'Лист2'!$D$2:$D$505, "не найдено")} -> 2044 | G12: {=_xlfn.XLOOKUP($K12, 'Лист2'!$G$2:$G$505, 'Лист2'!$D$2:$D$505, "не найдено")} -> 2044 | H12: =D12/E12 -> 148516.5 | I12: =WEEKNUM(A12,21) -> 22 | K12: =$A12 & "|" & $B12 -> 43977|Кемерово
A13: 43952 | B13: Кемерово | C13: 32487 | D13: 3031254 | E13: {=_xlfn.XLOOKUP($K13, 'Лист2'!$G$2:$G$505, 'Лист2'!$C$2:$C$505, "не найдено")} -> 18 | F13: {=_xlfn.XLOOKUP($K13, 'Лист2'!$G$2:$G$505, 'Лист2'!$D$2:$D$505, "не найдено")} -> 1826 | G13: {=_xlfn.XLOOKUP($K13, 'Лист2'!$G$2:$G$505, 'Лист2'!$D$2:$D$505, "не найдено")} -> 1826 | H13: =D13/E13 -> 168403 | I13: =WEEKNUM(A13,21) -> 18 | K13: =$A13 & "|" & $B13 -> 43952|Кемерово
A14: 43963 | B14: Кемерово | C14: 28219.5 | D14: 2595778.5 | E14: {=_xlfn.XLOOKUP($K14, 'Лист2'!$G$2:$G$505, 'Лист2'!$C$2:$C$505, "не найдено")} -> 21 | F14: {=_xlfn.XLOOKUP($K14, 'Лист2'!$G$2:$G$505, 'Лист2'!$D$2:$D$505, "не найдено")} -> 1656 | G14: {=_xlfn.XLOOKUP($K14, 'Лист2'!$G$2:$G$505, 'Лист2'!$D$2:$D$505, "не найдено")} -> 1656 | H14: =D14/E14 -> 123608.5 | I14: =WEEKNUM(A14,21) -> 20 | K14: =$A14 & "|" & $B14 -> 43963|Кемерово
... A505: 43983 | B505: Новосибирск | C505: 14238 | D505: 1293219 | E505: {=_xlfn.XLOOKUP($K505, 'Лист2'!$G$2:$G$505, 'Лист2'!$C$2:$C$505, "не найдено")} -> 18 | F505: {=_xlfn.XLOOKUP($K505, 'Лист2'!$G$2:$G$505, 'Лист2'!$D$2:$D$505, "не найдено")} -> 923 | G505: {=_xlfn.XLOOKUP($K505, 'Лист2'!$G$2:$G$505, 'Лист2'!$D$2:$D$505, "не найдено")} -> 923 | H505: =D505/E505 -> 71845.5 | I505: =WEEKNUM(A505,21) -> 23 | K505: =$A505 & "|" & $B505 -> 43983|Новосибирск

Sheet Сводная товарооборот

Sheet Copy of Сводная товарооборот

Sheet Сводная товарооборот на склад

Sheet Copy of Сводная товарооборот на

Sheet ТОП и график
A1: Топ-3 территорий по доле в общем товарообороте за последнюю неделю:
A2: 1 | B2: Санкт-Петербург Север
A3: 2 | B3: Санкт-Петербург Юг
A4: 3 | B4: Москва Запад
A7: Топ-3 территорий по доле в товарообороте на склад за последнюю неделю:
A8: 1 | B8: Москва Восток
A9: 2 | B9: Москва Запад
A10: 3 | B10: Санкт-Петербург Север

Sheet Лист2
A1: Дата | B1: Территория | C1: Количество складов | D1: Количество заказов | E1: Количество клиентов
A2: 43949 | B2: Волгоград | C2: 36 | D2: 4923 | E2: 4560 | G2: =$A2 & "|" & $B2 -> 43949|Волгоград
A3: 43949 | B3: Екатеринбург | C3: 31 | D3: 5465 | E3: 5096 | G3: =$A3 & "|" & $B3 -> 43949|Екатеринбург
A4: 43949 | B4: Казань | C4: 19 | D4: 1846 | E4: 1681 | G4: =$A4 & "|" & $B4 -> 43949|Казань
A5: 43949 | B5: Кемерово | C5: 18 | D5: 1539 | E5: 1404 | G5: =$A5 & "|" & $B5 -> 43949|Кемерово
A6: 43949 | B6: Краснодар | C6: 18 | D6: 1505 | E6: 1368 | G6: =$A6 & "|" & $B6 -> 43949|Краснодар
A7: 43949 | B7: Москва Восток | C7: 54 | D7: 12306 | E7: 11532 | G7: =$A7 & "|" & $B7 -> 43949|Москва Восток
A8: 43949 | B8: Москва Запад | C8: 59 | D8: 12943 | E8: 12072 | G8: =$A8 & "|" & $B8 -> 43949|Москва Запад
A9: 43949 | B9: Нижний Новгород | C9: 17 | D9: 1439 | E9: 1265 | G9: =$A9 & "|" & $B9 -> 43949|Нижний Новгород
A10: 43949 | B10: Новосибирск | C10: 15 | D10: 636 | E10: 547 | G10: =$A10 & "|" & $B10 -> 43949|Новосибирск
A11: 43949 | B11: Пермь | C11: 15 | D11: 780 | E11: 690 | G11: =$A11 & "|" & $B11 -> 43949|Пермь
A12: 43949 | B12: Санкт-Петербург Север | C12: 125 | D12: 20914 | E12: 19479 | G12: =$A12 & "|" & $B12 -> 43949|Санкт-Петербург Север
A13: 43949 | B13: Санкт-Петербург Юг | C13: 128 | D13: 16450 | E13: 15320 | G13: =$A13 & "|" & $B13 -> 43949|Санкт-Петербург Юг
... A505: 43983 | B505: Уфа | C505: 6 | D505: 237 | E505: 175 | G505: =$A505 & "|" & $B505 -> 43983|Уфа
